l1,l2,h1,w1,Lmt,Lmr,Llk,Rt,Rr
28,87,135,194,1.446602016,1.446334479,2.526379977,29.47676079,29.47415822
28,53,143,126,1.051103811,1.051137385,2.150702576,19.84676164,19.84492801
35,56,142,34,0.342256877,0.342295895,1.404024089,5.039722633,5.039741888
18,87,75,177,1.172183077,1.171947679,2.484668355,18.96502171,18.96352223
20,98,77,164,1.10966643,1.109379303,2.542668443,18.41157575,18.40961544
42,96,120,181,1.933072331,1.932703817,2.659437124,51.38355556,51.37787789
14,73,60,50,0.320317881,0.320393914,1.540725619,4.191067658,4.190929847
27,85,136,58,0.424059789,0.423947127,1.519238256,6.701101609,6.700700912
30,73,138,75,0.62338508,0.623276603,1.715696334,10.83550521,10.83472827
49,62,59,122,2.26067366,2.260595092,2.514784099,57.05670076,57.05145011
39,76,54,86,1.29634559,1.29618061,2.290375262,25.28585145,25.28322143
40,67,143,199,2.088611708,2.088326488,2.688427893,56.28905936,56.28442581
37,89,89,160,1.803812965,1.803489384,2.62657148,41.87370997,41.8688505
37,50,99,82,1.076555894,1.076641144,2.012019761,20.84459894,20.84293847
49,60,132,96,1.283329542,1.283236801,2.178300861,30.72899779,30.72631352
36,79,111,72,0.764940544,0.764879777,1.834792418,13.97418466,13.97299347
29,55,141,157,1.335629533,1.335551179,2.391225971,27.19275938,27.19052323
33,79,80,75,0.848228004,0.848134274,1.979035531,15.10473322,15.10332667
19,74,54,86,0.732471767,0.732430326,1.947941607,10.82745575,10.82636417
47,91,53,119,1.897574711,1.897237564,2.52030999,45.92847851,45.92366415
31,54,95,66,0.758093786,0.758138194,1.663589421,12.74048001,12.7397905
31,79,123,147,1.2973926,1.29720042,2.3289003,26.86225496,26.85985841
36,71,140,55,0.535953543,0.535928647,1.659967124,9.114226379,9.113601993
35,69,102,39,0.442955095,0.442985796,1.620892599,6.748715348,6.748572676
18,66,122,49,0.290462427,0.290557254,1.369113526,4.008907092,4.008891792
33,60,144,128,1.184700738,1.184644155,2.112512704,24.57141626,24.56911117
12,76,137,199,0.719198753,0.718999668,2.477827018,10.5407463,10.54042965
30,50,121,131,1.294388348,1.294384772,2.28354417,25.64746013,25.64490274
36,86,89,34,0.388866995,0.388820204,1.534709464,5.691706159,5.69174177
34,76,86,37,0.428706158,0.428671315,1.472847949,6.37229409,6.372219073
32,98,81,155,1.55026977,1.549949555,2.533897168,32.12242554,32.11849345
13,51,137,138,0.602550499,0.602606043,2.112150146,8.554214696,8.554084255
28,71,102,175,1.591738866,1.591580035,2.589437809,31.94882315,31.94578261
14,83,123,196,0.837563807,0.837297935,2.44187773,12.51780757,12.51731592
23,61,97,135,1.135445867,1.135404387,2.216211095,19.50652239,19.5049352
42,91,60,133,1.868912877,1.868626802,2.552614599,44.22122228,44.21606085
23,82,112,170,1.196629291,1.196405725,2.302829791,21.33825098,21.3362682
35,52,69,108,1.565469417,1.565534518,2.320272711,31.69243078,31.68891987
10,89,124,43,0.132641498,0.132758759,1.173667256,1.657744252,1.657888581
17,58,120,61,0.359612061,0.359720482,1.585653296,5.045424007,5.045229889
31,67,139,68,0.590846592,0.590776088,1.641766614,10.21022156,10.20957529
42,63,54,82,1.400750567,1.400712995,2.197251913,28.24204868,28.23958661
47,93,96,192,2.483090473,2.48275577,2.992589183,72.88108932,72.87298598
34,91,69,179,2.046284179,2.045941777,2.775672548,45.63262803,45.62680485
11,74,123,141,0.504809242,0.504740107,1.983327525,6.856192015,6.856041308
26,53,75,108,1.188709633,1.188806125,2.13893552,20.79046938,20.78850725
20,59,61,125,1.164562091,1.164571128,2.227012605,18.45028876,18.44858728
12,66,111,193,0.818475551,0.818384364,2.405767073,11.70221932,11.70211334
17,91,123,163,0.805629182,0.8054197,2.228877849,12.48327816,12.48222912
19,58,69,55,0.478351523,0.478489728,1.500646093,6.719318133,6.719048608
17,81,50,105,0.797942545,0.797781481,2.101132148,11.64437156,11.64304181
15,89,123,176,0.781796458,0.781553329,2.241570452,11.75974974,11.75914619
40,60,98,75,1.000001597,0.99998911,1.974658757,19.36647914,19.36510364
44,72,91,148,2.049728431,2.049490801,2.473112345,52.44535838,52.4398883
25,72,82,51,0.470088508,0.470060362,1.540959734,7.019677148,7.019308647
26,95,117,48,0.352179425,0.352102958,1.380752151,5.265624951,5.265290458
21,73,99,87,0.633466545,0.633465836,1.737549094,9.750148646,9.749432591
19,60,113,160,1.048087486,1.048029102,2.389993547,17.33824744,17.33753122
25,72,117,32,0.251695533,0.251736893,1.330992585,3.462211449,3.462178104
14,84,127,139,0.585996862,0.58586531,1.99234257,8.394892468,8.394466542
45,50,132,180,2.32465935,2.324517697,2.886719074,66.8343436,66.82831757
40,59,147,110,1.184257621,1.184138152,2.243493093,26.66886033,26.6661301
32,65,134,151,1.385408979,1.385269934,2.321299789,29.33402803,29.33134495
23,73,54,152,1.522967686,1.522751669,2.592011755,26.35114651,26.34838576
24,62,131,73,0.540863569,0.540904166,1.671936653,8.602110113,8.601523458
46,51,107,153,2.25053763,2.250446374,2.603882298,61.35038503,61.3447285
20,59,67,166,1.478705263,1.478705154,2.576043183,24.69280457,24.69060858
49,71,141,143,1.768815724,1.768603196,2.379603978,49.35277461,49.34801279
23,56,72,98,0.988018977,0.988086376,1.995730255,15.90062068,15.89911037
27,70,76,34,0.353676662,0.353696561,1.411079775,4.964192073,4.964128857
38,71,113,81,0.919108488,0.91904126,2.044868475,17.95121677,17.94945421
12,78,119,135,0.522891868,0.5228347,2.015170446,7.253836523,7.25368809
23,83,140,97,0.612444056,0.612382472,1.743700979,9.897847813,9.89705995
27,51,68,175,2.084032699,2.084016358,2.708465092,41.31969647,41.31608567
35,78,126,71,0.695379616,0.695263406,1.740556302,12.6003517,12.59925425
18,55,50,102,0.969452005,0.969576015,2.151866849,14.44169952,14.44063015
15,84,111,95,0.459014902,0.458982292,1.671232071,6.471603992,6.471185809
16,99,56,94,0.587611312,0.587381753,1.935187749,8.383318933,8.382484689
48,99,90,51,0.686870167,0.68672922,1.952511445,12.29240156,12.29178858
42,65,98,61,0.827560458,0.827512986,1.877089199,15.18634701,15.18554665
35,61,116,68,0.751410739,0.751429406,1.676443604,13.4122424,13.41120732
48,89,105,53,0.698259888,0.698112829,1.948929695,12.74487662,12.74434902
46,97,52,199,3.004365459,3.003689948,3.0371215,84.96633061,84.95707106
25,84,89,114,0.95259337,0.952504673,2.119390594,16.32547389,16.32377865
26,59,88,87,0.860670913,0.860704659,1.929267789,14.57053773,14.56928651
33,83,131,128,1.140682026,1.140552819,2.067035321,23.17848054,23.17588772
21,92,141,67,0.376271309,0.376295491,1.475499585,5.624949642,5.624557406
46,83,141,68,0.771852452,0.771699118,2.011392322,15.5755151,15.57422483
47,85,62,128,2.010712251,2.01040986,2.710573652,50.12168059,50.11624721
24,94,54,99,0.911091964,0.910876668,2.184272131,14.80847383,14.80659096
20,75,57,178,1.520032525,1.519798084,2.879777696,25.68880237,25.68654632
31,97,75,94,0.948640109,0.948485903,2.03555994,17.23896954,17.23682045
34,88,134,46,0.410369349,0.410291794,1.441112907,6.500576497,6.500304927
38,78,54,120,1.727161078,1.726916471,2.620743008,37.04217536,37.03791491
11,98,97,52,0.190207075,0.190295781,1.244462823,2.422456858,2.422490071
45,80,98,57,0.766140771,0.766036718,1.902550033,14.00055034,13.99979619
48,72,97,174,2.483048615,2.482957395,2.88393169,72.96240119,72.95449587
34,74,126,90,0.873149949,0.873040132,1.910903874,16.58738398,16.5856639
28,58,147,66,0.528955122,0.528923381,1.704575975,8.810617394,8.810085909
18,78,125,153,0.835391694,0.835242306,2.155466476,13.06837688,13.06753249
23,67,60,68,0.688622185,0.688679572,1.798781475,10.42631243,10.42541381
46,89,121,149,1.75681678,1.756445338,2.660587524,47.54371746,47.53862983
33,66,77,183,2.208612322,2.208484433,2.791250468,49.90356128,49.89826076
15,70,105,196,1.031857616,1.03169012,2.481141551,15.6674836,15.66672094
28,52,65,124,1.540272897,1.540382671,2.379238875,28.99066927,28.98772596
27,58,69,122,1.402619738,1.402603064,2.270003443,25.05127511,25.04873255
21,97,127,119,0.68646937,0.686273022,1.975399413,11.07119238,11.07034522
38,86,116,107,1.116400672,1.116222181,2.178170765,23.84537442,23.84273987
14,69,60,193,1.237891781,1.237749154,2.877029342,18.4582001,18.45717102
33,53,107,176,1.966987369,1.966921753,2.633030749,44.02718817,44.02350348
39,67,117,68,0.791032267,0.790970782,1.867641853,14.77471829,14.77370208
31,84,135,107,0.889832783,0.889698367,1.767774394,16.87539172,16.87370622
37,85,104,149,1.600028417,1.599767987,2.513400607,36.65501061,36.65092757
41,71,145,62,0.66353089,0.663464092,1.844213804,12.32536942,12.32448815
19,94,70,162,1.11001695,1.109750544,2.520013054,17.90048262,17.89874796
31,83,82,132,1.374130132,1.373972076,2.290973541,26.91954761,26.91650845
42,92,139,130,1.325153518,1.324922394,2.242577512,32.02249909,32.01932226
46,51,147,34,0.432136559,0.432143184,1.698367936,6.650254204,6.650340017
47,59,146,48,0.59899801,0.598966903,1.845029844,10.55766976,10.55720214
23,66,119,93,0.690620683,0.690617386,1.689527884,11.13784847,11.13697417
45,53,67,87,1.535337837,1.53534083,2.254580522,33.11270734,33.1098406
46,86,96,75,0.995923153,0.995772424,2.053073899,20.68624977,20.68428882
10,94,72,118,0.450420156,0.45028729,1.992377892,5.943215399,5.942961189
21,78,65,35,0.301227298,0.301287183,1.457078656,4.060116704,4.060021484
41,81,141,77,0.80277557,0.802663936,1.946593209,16.09404585,16.09273787
30,61,146,125,1.05199387,1.051897787,2.206700386,20.77255778,20.77063057
37,66,89,89,1.128641593,1.128576151,2.055391788,22.22320743,22.22123166
13,79,58,171,0.982090283,0.981830077,2.63231583,14.05756815,14.05647877
41,77,127,184,2.032516127,2.032214556,2.602264976,53.54212125,53.53688957
43,86,86,196,2.547842742,2.547533206,2.974526707,69.80660351,69.79938247
41,89,72,172,2.277652542,2.277304985,2.839972666,56.97057485,56.9637957
47,98,80,71,0.978140274,0.977955349,1.998818319,19.55686437,19.55567976
44,50,74,132,2.215962802,2.215976267,2.684949688,55.1760005,55.17062458
15,61,132,151,0.735065221,0.735029188,2.08117242,10.88817767,10.88784041
16,98,79,62,0.348671176,0.348643348,1.470452034,4.770036706,4.769697661
40,94,65,164,2.133928398,2.133553853,2.77777118,51.83363444,51.82734861
49,54,140,111,1.47231893,1.472186951,2.319755871,37.59541491,37.59219945
48,84,89,194,2.729536642,2.72923718,2.955634548,81.43986549,81.43134765
12,66,57,152,0.879385149,0.879358417,2.510489711,12.30590091,12.3051237
27,73,68,136,1.431607194,1.431550136,2.397948344,26.45703638,26.45365539
45,85,58,57,0.890825481,0.890690019,1.988339921,16.26386841,16.26290937
35,60,112,162,1.812927206,1.812746105,2.585484831,40.73392497,40.72980993
34,69,107,84,0.902680081,0.902614731,1.85197725,16.81533628,16.81385614
39,64,116,182,2.11503697,2.114819583,2.590148607,53.75251274,53.74749188
45,64,52,117,2.10156505,2.101397191,2.674480704,49.58145744,49.57674653
38,84,89,87,1.039993494,1.039850669,2.058317294,20.39508267,20.39313394
27,91,90,84,0.725011073,0.724887591,1.759111081,12.29363072,12.29252352
15,98,96,171,0.823746258,0.823452789,2.38469748,12.32611739,12.32540245
43,74,103,137,1.751572978,1.751363915,2.45566541,43.37830835,43.37347868
12,79,54,121,0.659171873,0.659066796,2.205007923,9.057672272,9.057030321
24,82,84,163,1.352191579,1.351946603,2.553134259,24.15917983,24.15655766
44,66,114,49,0.641707945,0.641654335,1.733880426,11.1014765,11.10104
27,64,108,53,0.483769771,0.483831789,1.498614402,7.427926672,7.427533381
17,77,104,48,0.279797827,0.279886945,1.36753208,3.795576428,3.795578413
13,91,120,195,0.76467799,0.764441017,2.364418085,11.21967874,11.21935895
41,77,93,150,1.906435596,1.906219358,2.501018586,46.47871753,46.47360263
39,69,51,158,2.488570636,2.488335059,2.938590205,58.53674053,58.52957077
38,51,64,93,1.494020562,1.494066112,2.272729705,30.22940004,30.22643199
49,98,71,99,1.45813275,1.457887807,2.312873766,33.89761262,33.89432878
12,81,132,41,0.150506454,0.150643524,1.19931987,1.91670521,1.916834206
20,53,87,95,0.790081769,0.790176637,1.750076988,12.11263971,12.11198579
34,89,84,101,1.096737128,1.096587186,2.11577303,21.14074701,21.13846598
32,83,109,38,0.362983901,0.362950936,1.446769538,5.376657149,5.37651496
39,66,107,62,0.759126137,0.759099567,1.798407993,13.71694807,13.71603386
41,93,97,132,1.546310321,1.546066469,2.349978363,36.35197696,36.34791883
47,86,95,129,1.737744395,1.737509612,2.40536486,44.70638472,44.70215847
41,90,50,152,2.244108432,2.2436108,2.753903846,52.79774393,52.79221142
19,57,146,104,0.5958186,0.595842739,1.846849363,9.229982004,9.229549568
38,79,85,109,1.350302138,1.350155046,2.299758573,28.48732485,28.48412178
18,68,80,95,0.687370405,0.687382892,1.856791311,10.16630073,10.16553672
27,73,120,191,1.547860341,1.54764988,2.636746847,30.65389434,30.65132011
28,76,110,130,1.127898392,1.12777607,2.104671549,21.20411433,21.20227011
32,74,134,168,1.476107163,1.475868277,2.536447824,32.68468025,32.68169435
20,50,86,168,1.40751865,1.407572805,2.557708097,23.55630564,23.55401314
20,72,96,153,1.077406976,1.077245951,2.354102537,17.71507284,17.71379393
13,61,96,134,0.685677011,0.685710926,2.048251378,9.67827139,9.677944317
43,70,68,72,1.115366015,1.115320818,2.166402071,21.89460312,21.89271314
37,80,60,78,1.067984575,1.067866324,2.020109933,19.95661978,19.95450354
49,57,121,196,2.747230134,2.747010048,2.998338299,86.41972888,86.41245255
45,80,71,188,2.768642247,2.768368729,2.960404649,77.3872223,77.3791531
45,53,69,184,3.138304157,3.138319069,3.108053565,89.23473167,89.22576286
12,50,111,123,0.574671422,0.574775904,1.897889078,7.86599797,7.865952275
46,94,141,40,0.438519126,0.438395809,1.597488784,7.112586991,7.11229602
21,85,86,120,0.875182196,0.875031186,2.030012237,14.07627432,14.07514166
49,74,97,112,1.636554965,1.63633987,2.400959406,40.6943766,40.6902664
22,70,139,141,0.900440458,0.90035017,2.170015356,15.26415057,15.26284942
21,59,149,31,0.193763202,0.193880367,1.322341915,2.592623006,2.592813757
42,94,73,196,2.564018816,2.563592331,3.105687704,67.65635105,67.64862382
12,77,124,149,0.56890376,0.568778961,2.126552847,7.890887768,7.890655105
37,58,130,169,1.824231108,1.824086227,2.535853676,43.809789,43.80575283
38,67,84,115,1.519877814,1.519783885,2.257838306,32.58158122,32.57818457
20,66,85,34,0.267414533,0.267526532,1.301785144,3.583480726,3.583509025
44,78,127,193,2.218409569,2.218101277,2.874501896,63.0729935,63.06704073
17,55,59,110,0.93912832,0.939236686,2.129332153,13.88957383,13.88858073
29,71,63,40,0.469519131,0.469534735,1.614899668,6.87937562,6.879099746
33,79,142,184,1.580658764,1.580354794,2.593259058,35.84299109,35.8397734
38,67,121,168,1.855293721,1.855128661,2.557774202,45.33831902,45.33415363
15,51,91,98,0.625085168,0.625216736,1.858373247,8.877200979,8.876876817
27,76,128,58,0.455514688,0.455462535,1.473226258,7.147800379,7.147330745
40,82,131,106,1.111932774,1.111765337,2.102883387,24.33806654,24.33551529
14,51,84,97,0.608037197,0.608175569,1.766714374,8.447261132,8.447001262
35,83,83,55,0.636033907,0.635974527,1.72936078,10.58660542,10.58584622
23,86,92,81,0.622072278,0.622009676,1.681784844,9.690249942,9.689418378
47,90,125,105,1.244022682,1.243739481,2.237553001,29.79644389,29.79361365
15,93,66,104,0.599786311,0.599616733,2.027383382,8.498725072,8.497912103
27,69,131,96,0.76037047,0.760315988,1.88798997,13.30345832,13.30212847
16,57,127,169,0.901344879,0.90127773,2.410450207,13.9382146,13.93767951
35,55,139,178,1.796372656,1.796283987,2.663739353,41.99249872,41.98852843
25,55,104,129,1.155487613,1.155531316,2.27794255,20.61253126,20.61077515
42,85,76,120,1.618847122,1.618646509,2.374236957,37.49468918,37.49070248
28,58,106,136,1.30816529,1.308107356,2.291787312,24.90400227,24.90158448
11,62,139,36,0.127940603,0.128098718,1.152139746,1.605449391,1.605626578
49,96,142,152,1.713513136,1.713166461,2.656830566,48.32973923,48.32423936
26,58,135,85,0.672498458,0.672366356,1.642038823,11.50119799,11.50048716
19,70,53,151,1.326248642,1.326112483,2.464684944,20.84261351,20.84061827
47,76,97,172,2.381423543,2.381176903,2.771315118,67.17684427,67.1700245
18,78,118,142,0.795367264,0.795277666,2.164713981,12.47518235,12.47426128
28,50,112,157,1.517753722,1.517748591,2.472013693,30.17193924,30.16964164
40,94,67,79,1.032821238,1.032655118,2.03377151,20.13911236,20.13729705
13,87,101,151,0.657626623,0.657485003,2.264612405,9.412312907,9.411753608
30,65,107,161,1.575888299,1.575768109,2.403672587,32.41091147,32.4079529
33,90,58,97,1.158486931,1.158238683,2.251791978,21.72444569,21.72177883
31,51,76,75,0.968337183,0.968446988,1.88807613,16.73964619,16.73831174
36,79,97,97,1.092206144,1.092051179,2.092416684,21.65329474,21.65098305
17,88,51,120,0.863719851,0.86351138,2.326339106,12.9461495,12.94491955
39,58,127,39,0.453313096,0.45330044,1.618466727,7.093145737,7.093007815
34,57,82,198,2.517078106,2.517050099,2.977393364,59.46370242,59.45763778
46,59,114,76,1.054174301,1.054141896,1.965646777,22.03603732,22.03439195
20,66,92,36,0.272674311,0.272787779,1.346033105,3.677838966,3.677853671
48,68,82,192,2.973665081,2.973580383,3.079391914,90.50508131,90.49584806
29,86,105,56,0.490313278,0.490237515,1.68156185,7.804522174,7.803978884
42,89,134,139,1.46041063,1.460148643,2.360119354,35.81849796,35.81451585
27,58,99,90,0.874580049,0.874616633,1.916650745,15.03238578,15.03117377
27,63,106,140,1.274401282,1.274366311,2.274315105,24.02525493,24.02321343
29,73,135,167,1.352838807,1.352640379,2.394915641,27.41684065,27.41438604
33,84,94,50,0.5162966,0.516229043,1.660185798,8.306247055,8.30566678
15,81,106,130,0.646179823,0.646085492,1.891341537,9.358501374,9.357903697
25,65,117,147,1.179428051,1.179329752,2.283958993,21.54424541,21.54238716
43,60,82,88,1.337631228,1.337582062,2.094652437,28.25492783,28.25242164
35,71,70,85,1.103526651,1.103461181,2.151783707,20.8147909,20.81268541
31,54,66,108,1.432047227,1.432114742,2.307704435,27.50755154,27.50444478
46,53,73,194,3.307642978,3.307571137,3.142518166,96.21126852,96.20226072
16,87,97,58,0.314408579,0.314455923,1.362925372,4.260947089,4.260775583
45,84,90,133,1.788443258,1.788224866,2.409043998,44.71108576,44.70619027
33,86,96,153,1.548099738,1.547876444,2.490730066,33.35130833,33.34803926
40,65,72,48,0.711054582,0.711047015,1.828992193,11.880547,11.87991775
26,52,133,198,1.607151121,1.607082636,2.690983322,32.20036649,32.19838604
42,87,53,129,1.898266949,1.897886647,2.70702557,45.06463857,45.05893856
37,79,121,57,0.591577744,0.591512151,1.733035184,10.23313596,10.23239494
15,76,148,113,0.479516805,0.479479214,1.811154862,6.897549497,6.897283436
30,83,55,117,1.356757498,1.356536644,2.335728427,25.42767773,25.42438996
29,56,133,180,1.56045106,1.560336721,2.765603131,33.49395355,33.49143971
49,85,130,149,1.817441865,1.81716798,2.559253978,51.44778847,51.44226959
24,78,148,69,0.449144762,0.449143644,1.556900962,7.05039007,7.049979906
10,68,90,118,0.473815479,0.473818758,1.784933132,6.20837759,6.208385463
35,94,62,119,1.441835049,1.441560226,2.248524128,28.85422529,28.85092016
37,92,87,175,1.962386354,1.962061351,2.686633622,46.40662639,46.40166597
44,97,93,162,2.002084761,2.001690004,2.708439798,51.97594902,51.96992135
10,92,140,118,0.3341417,0.334111959,1.736185736,4.426388429,4.426382586
16,95,51,33,0.219772792,0.21979102,1.389194042,2.827300479,2.827200054
21,96,75,68,0.499044306,0.498965979,1.609071118,7.354101472,7.353540611
17,79,75,50,0.334432774,0.33449519,1.459008529,4.52451267,4.524247166
33,61,143,150,1.387614964,1.387461538,2.38912023,29.85487291,29.85220697
29,75,52,94,1.140108984,1.140009414,2.254712838,19.97432782,19.97196166
39,51,115,141,1.761528215,1.761497419,2.374273025,41.46753094,41.46361227
22,67,91,36,0.294878294,0.294993692,1.390357895,4.043935439,4.043978633
16,64,88,111,0.707625997,0.707647814,1.910207104,10.24596531,10.2453654
25,70,145,137,0.951137211,0.951027431,2.071586222,17.0743939,17.07301354
46,96,75,108,1.485120033,1.484872634,2.336485718,35.23520074,35.23105281
18,68,130,99,0.556674779,0.556692233,1.696759865,8.304072793,8.303574248
11,73,127,137,0.483684246,0.48365065,1.898580136,6.603040696,6.603037688
21,53,70,40,0.3888335,0.389001592,1.443774331,5.350155358,5.350135589
12,52,87,31,0.166868438,0.167089026,1.181606436,2.091255505,2.091552408
42,91,114,62,0.708035742,0.707899813,1.655672437,13.0094214,13.00849128
31,92,134,36,0.29447153,0.294479071,1.404478927,4.275671924,4.275533029
38,60,136,162,1.732889454,1.732709934,2.548546944,42.23807226,42.23392825
24,85,86,37,0.306169052,0.306222922,1.489639149,4.260176668,4.260101183
19,58,112,168,1.122444124,1.122433899,2.347243833,18.27666851,18.27558799
37,69,55,177,2.617061797,2.616865497,2.96797277,61.00434975,60.99758541
25,59,81,191,1.872154982,1.872086343,2.745624436,36.24026891,36.23711854
22,94,94,105,0.737513113,0.73736622,1.940053066,11.75279691,11.75155923
24,82,129,137,0.93383911,0.933679123,2.130833559,16.46109207,16.45966799
10,85,145,30,0.086914068,0.08708737,1.038115771,1.06469161,1.064843376
32,68,124,118,1.112947012,1.112834942,2.009967774,22.37196333,22.36984
30,72,54,147,1.821458139,1.821265557,2.732441388,35.95886264,35.95471963
22,55,116,80,0.612398708,0.612465497,1.664539361,9.524796734,9.524144574
39,96,77,115,1.391944486,1.391659659,2.327755605,29.97981704,29.97613613
45,58,132,74,0.942173449,0.942132507,1.975645356,19.47173754,19.470337
12,70,50,65,0.39331226,0.393383095,1.671809409,5.141807676,5.141531597
36,62,147,32,0.315021626,0.314936179,1.445142521,4.597861393,4.597875491
30,57,138,151,1.331612538,1.331504009,2.444457036,27.35333114,27.35089993
16,64,111,92,0.518229674,0.518286973,1.63860946,7.3838978,7.3835474
44,92,108,147,1.73665224,1.736357335,2.615042809,44.79748276,44.79222106
38,78,122,95,1.010555277,1.010429422,1.950357884,20.66272458,20.66075828
42,57,98,59,0.831959763,0.831986866,1.807949283,15.10808044,15.10731246
47,52,138,83,1.091192458,1.091108454,2.104400902,24.09469386,24.0931752
23,65,108,87,0.684437843,0.684474081,1.730497816,10.88837287,10.88764968
23,73,79,137,1.184230614,1.184108954,2.364823199,20.34214193,20.33998372
19,70,115,149,0.925332645,0.925204795,2.173227367,14.95646495,14.95586544
16,59,54,151,1.219157664,1.219179549,2.516005147,18.37283649,18.37142447
22,82,60,57,0.509089389,0.509099561,1.754718068,7.39188315,7.391176945
41,86,111,87,0.995579986,0.995407139,1.979017604,20.46525823,20.4632714
10,62,143,34,0.10873454,0.108911135,1.074792418,1.346734637,1.347023023
29,78,61,45,0.512390757,0.512361614,1.679794532,7.702413623,7.701876338
39,76,130,145,1.519313659,1.519071498,2.411609905,36.70686828,36.70340515
11,74,137,197,0.662386676,0.662290544,2.504924665,9.610408152,9.609527361
19,81,54,90,0.737608956,0.737509496,1.970962622,10.89101659,10.88985971
37,74,123,43,0.452865908,0.45282809,1.606857027,7.212578245,7.212377591
20,98,81,115,0.767341283,0.76719797,2.070927939,12.037062,12.03573711
35,55,123,71,0.777285279,0.77728094,1.805720872,14.10905582,14.10805054
24,85,121,121,0.845056351,0.844915296,2.035688553,14.47258803,14.47119885
48,51,143,186,2.391433857,2.391261769,2.931505499,73.56930341,73.56309783
49,90,128,164,1.968492383,1.968135792,2.782846094,57.63508393,57.62888536
36,62,144,138,1.361917266,1.36176989,2.316530385,30.48359258,30.4805462
15,82,133,195,0.857559831,0.857329284,2.278484999,12.99040015,12.98971034
40,99,81,110,1.312015114,1.311775259,2.316409103,28.67961039,28.67633686
33,70,113,164,1.64378859,1.643625309,2.60434338,36.16388513,36.1601213
20,79,75,95,0.729285226,0.729209061,1.823604421,11.09155407,11.09050431
36,81,139,73,0.6894937,0.68939497,1.721098732,12.7508389,12.74964967
14,74,73,48,0.281350705,0.281450401,1.331225359,3.67415231,3.674096595
13,73,81,122,0.632830447,0.632819937,2.009092985,8.842385975,8.841681796
33,83,90,173,1.812309564,1.812097473,2.694915358,40.0192417,40.01419166
37,52,54,89,1.494416549,1.494450151,2.265363572,29.03738299,29.03475614
18,68,76,71,0.529147963,0.529225906,1.646946238,7.511625049,7.511154735
16,93,118,101,0.481830243,0.481770926,1.707063919,6.962680239,6.962285339
14,64,111,64,0.321517898,0.321632429,1.451022023,4.327844262,4.327909748
25,81,94,146,1.199795057,1.199671925,2.294505172,21.92278595,21.92067194
11,97,66,121,0.512825449,0.512651668,2.082331829,6.863572944,6.863028364
19,73,114,166,1.023829255,1.023681517,2.260100326,16.42573987,16.42446633
20,76,89,130,0.935977257,0.935875782,2.093787369,14.85900094,14.85771874
15,92,142,80,0.32744711,0.327447985,1.561353252,4.609912382,4.609748303
16,50,102,174,1.097975683,1.097980773,2.381499859,16.70882606,16.70820609
43,77,56,61,0.976214483,0.976095544,2.068091401,17.87968951,17.87847917
33,53,119,196,2.06735899,2.067303805,2.793684232,48.22601531,48.22224706
43,60,85,197,2.836281559,2.836209582,3.022993806,81.77194099,81.76348613
40,93,59,130,1.753343793,1.75298169,2.581101507,39.74173613,39.73671889
26,50,125,49,0.424037337,0.424119,1.474638327,6.401776191,6.401604683
46,55,113,148,2.073965953,2.073898446,2.657428088,55.75437774,55.74924972
45,78,68,54,0.828066858,0.82799608,2.023671915,14.85120636,14.85026749
32,91,63,181,2.02576538,2.025371479,2.899117013,43.27366739,43.2685623
48,61,137,117,1.498559605,1.498406863,2.457028187,38.33813885,38.33452977
44,58,149,185,2.12726739,2.127032876,2.790787542,61.39378183,61.38724281
30,88,106,149,1.320525696,1.320287079,2.37747924,26.63895692,26.63627882
40,93,112,182,1.939982885,1.939637478,2.679418966,50.12445256,50.11911925
12,51,76,82,0.472206136,0.472362721,1.706201702,6.278124584,6.278132738
11,90,65,177,0.783464604,0.783181005,2.64839211,11.09245513,11.09179473
23,58,82,142,1.315265756,1.315281826,2.34378044,22.73431458,22.73225368
12,84,121,38,0.144368577,0.144487383,1.177731478,1.828432151,1.828621116
18,68,141,185,0.984501976,0.984294004,2.504295455,15.98764133,15.98669825
32,87,117,124,1.117095485,1.116859596,2.165480793,22.17874469,22.17633546
43,83,84,80,1.083143345,1.082959869,2.050780662,21.99902379,21.99722033
21,66,114,37,0.261535461,0.261646793,1.32797997,3.575339689,3.575359917
19,79,91,111,0.743785633,0.743713325,1.871948314,11.39913281,11.39831251
19,67,65,36,0.303074846,0.303197001,1.389971459,4.038815437,4.038958005
19,67,113,77,0.494740713,0.494790205,1.660758566,7.291903429,7.291504388
31,88,110,137,1.239019055,1.238774903,2.454621695,24.29526517,24.2925818
28,50,118,44,0.418109694,0.418168675,1.543839284,6.30839851,6.308197611
10,77,109,32,0.112223509,0.112400962,1.140494728,1.383054313,1.383242416
20,74,75,166,1.288746961,1.288621257,2.454279438,21.36008989,21.35802994
14,98,123,79,0.321051512,0.321048835,1.443531051,4.369885212,4.369741676
16,75,87,184,1.096307728,1.096139327,2.564167725,16.80176657,16.80062029
12,95,84,106,0.450051009,0.449977617,1.77084685,6.088348793,6.08821753
41,71,147,155,1.620942089,1.620674694,2.550095742,41.33634586,41.33233241
32,89,51,169,2.032745233,2.032253602,2.72542726,42.6890073,42.68348312
48,76,102,130,1.808664745,1.808416884,2.497600288,47.24578772,47.24126274
27,79,144,132,0.958419958,0.958262977,2.114774697,17.64916218,17.64744142
45,97,94,74,0.937996879,0.93781595,2.030747334,18.87592486,18.87430351
23,58,100,67,0.570869791,0.570945778,1.620020066,8.702184417,8.701627099
33,91,117,63,0.574638403,0.574562209,1.664453764,9.836737501,9.835970144
19,85,93,83,0.536018718,0.536025006,1.629356135,7.941147793,7.940567567
42,72,52,159,2.571842033,2.571619541,2.90973833,64.05877296,64.0517495
44,70,79,56,0.843764925,0.84367028,1.764478791,15.13979432,15.13905887
43,71,51,180,3.007200464,3.006935,3.153612155,78.50679029,78.49832065
16,65,51,80,0.64176501,0.641802207,1.895910025,9.002773218,9.002064653
42,76,107,96,1.177660485,1.177527548,2.173539984,25.63480885,25.63233272
21,71,84,101,0.806437364,0.806433659,1.80996636,12.5171638,12.51606893
40,94,96,44,0.509990804,0.509851981,1.628620144,8.237164889,8.236885952
17,56,82,87,0.637345909,0.63748347,1.744897529,9.177296607,9.176848936
37,95,97,80,0.860710198,0.860537943,1.932254243,16.33546171,16.33372585
16,79,73,43,0.275139003,0.275223816,1.411330975,3.636027479,3.635948511
12,71,70,180,0.937347297,0.937226553,2.616801619,13.30220463,13.30145933
35,87,53,55,0.725395695,0.725248544,1.826637682,11.96468615,11.96377711
14,61,102,113,0.596687034,0.596686211,1.91000342,8.416101141,8.415764693
13,68,55,61,0.389412307,0.389498424,1.661334303,5.116973392,5.116723884
43,91,129,80,0.872680299,0.872475342,1.980229842,17.87816387,17.87657758
44,69,90,161,2.254236315,2.254159661,2.736585647,60.13974302,60.13326477
14,93,147,195,0.729134971,0.728867075,2.305667409,10.84546,10.84506823
26,72,145,93,0.667627603,0.667565212,1.696881532,11.39583508,11.39501592
26,58,127,178,1.451768824,1.451636075,2.655694774,28.41884175,28.41639309
21,66,78,154,1.283706844,1.283677995,2.3140569,21.56031226,21.5584544
22,52,106,173,1.394475265,1.394515471,2.433322045,24.4930655,24.49115502
28,64,103,92,0.87717225,0.877146062,1.924034708,15.3804709,15.37917855
14,91,52,30,0.180572054,0.180621272,1.29904214,2.272674753,2.272664456
44,98,99,191,2.269745509,2.269412179,2.733097759,63.19297922,63.18623912
45,87,142,65,0.713792906,0.71366103,1.80358663,13.9183592,13.91740915
42,61,84,173,2.49049855,2.490447836,2.831121966,66.22466727,66.21792812
28,66,137,61,0.495084932,0.49504494,1.475562578,8.039742999,8.039161581
26,75,123,123,0.950569448,0.950448928,2.100849273,17.127427,17.12597289
40,71,137,189,1.995787438,1.995485808,2.898736961,53.35956932,53.35402829
25,62,137,136,1.017131242,1.017077871,2.179167264,18.26726586,18.26558972
11,59,67,78,0.420378604,0.420492065,1.683866358,5.491592718,5.491676537
37,57,141,163,1.691735222,1.691568758,2.538205441,40.57333424,40.56979276
31,64,117,124,1.204414359,1.204337756,2.131151142,23.60441774,23.60211054
29,85,129,60,0.479115857,0.478973834,1.592120404,7.786596653,7.786053229
35,77,125,159,1.545844206,1.545558402,2.521920646,34.95524402,34.95166593
35,96,73,67,0.760308946,0.760144451,1.903308889,13.23601746,13.23486646
19,65,61,110,0.945853904,0.945882053,2.137707547,14.64015587,14.63899383
38,69,53,150,2.291806834,2.291610754,2.715397223,52.55807533,52.55203107
36,74,145,129,1.211290752,1.211114169,2.256105576,26.50449111,26.5017147
44,50,70,87,1.517178523,1.517235115,2.292966714,32.29695957,32.29412252
37,79,118,128,1.336660209,1.336414214,2.23922111,29.30187485,29.29872352
15,56,147,195,0.902990743,0.902937359,2.469556068,13.79074039,13.7902151
21,90,82,32,0.233824445,0.233878097,1.357566112,3.122747455,3.12265033
18,51,125,44,0.277169073,0.277330626,1.339227881,3.791415282,3.791459972
49,73,98,43,0.636577147,0.63647163,1.837178522,10.70067955,10.70048805
40,70,73,184,2.581810749,2.581639517,2.959332698,66.27257659,66.26541565
36,83,133,119,1.12728759,1.127101637,2.219589068,23.99364317,23.99094975
17,65,75,176,1.248248232,1.248234777,2.626061461,19.76857715,19.76707655
23,52,138,69,0.500466353,0.500540576,1.577938657,7.812856858,7.812433476
36,97,71,131,1.507977571,1.507652252,2.377436835,32.51865176,32.51462512
28,70,95,183,1.740284751,1.740132831,2.687479142,35.16021748,35.1567296
35,53,96,127,1.585004574,1.585009121,2.33124667,33.4820448,33.47894899
41,68,127,191,2.162925648,2.162685745,2.848345409,58.30931976,58.30409002
27,68,50,31,0.379668982,0.379754503,1.525706083,5.243271878,5.243240037
11,79,147,107,0.339010908,0.339005768,1.656454972,4.523281151,4.523213425
25,54,85,79,0.791146055,0.791193171,1.845260848,12.98703394,12.98606948
42,94,100,72,0.854898991,0.854700709,1.981558251,16.59119576,16.58958218
17,99,67,91,0.564776995,0.564637867,1.944451541,8.236608905,8.235876251
37,79,53,75,1.069805141,1.069672905,2.142455742,19.75953442,19.75764425
18,65,130,173,0.979594214,0.979455434,2.36806277,15.90850082,15.90721662
48,54,134,39,0.52651777,0.526404349,1.749053423,8.605747263,8.605827394
18,94,139,66,0.321668795,0.321697812,1.381768674,4.577774753,4.577516481
26,63,92,184,1.734691877,1.734556359,2.606009164,33.56535994,33.56249254
13,75,107,180,0.809215073,0.809063544,2.269549859,11.73235286,11.73194222
19,74,142,176,0.956158035,0.955960055,2.412682961,15.81737426,15.81635712
47,96,126,77,0.896786861,0.896575761,2.042043859,18.97378587,18.97223047
26,68,95,116,1.056168792,1.056141361,2.09762725,18.65766872,18.65582514
42,69,63,124,1.922878858,1.92276256,2.590950303,45.16384619,45.15909291
21,95,86,135,0.934605322,0.934370051,2.130908546,15.27079451,15.26932066
30,54,57,131,1.809613674,1.809662775,2.549514093,34.70349465,34.69965541
12,85,70,62,0.301761908,0.301807251,1.427444686,3.908579462,3.908580846
41,50,128,155,1.900016065,1.899986863,2.466722989,48.21126271,48.20715802
20,97,74,85,0.597263743,0.597170135,1.710405952,8.912705878,8.911977647
37,80,127,119,1.195306726,1.195067033,2.322821697,26.08299533,26.08026841
27,95,110,99,0.770760006,0.770640932,1.924784837,13.3638157,13.36247829
25,62,83,69,0.671246704,0.671244117,1.662245505,10.62323685,10.62249424
40,66,113,182,2.163201404,2.163042567,2.677435746,55.70548563,55.70001906
38,94,124,177,1.719743511,1.719380297,2.750665637,43.08475374,43.08049368
42,74,130,69,0.787245179,0.787134086,1.882953291,15.23340464,15.2321548
45,81,103,184,2.352892371,2.352637719,2.71682669,65.82544774,65.81860752
38,77,143,59,0.585097837,0.585028127,1.64629688,10.32440598,10.32377736
29,74,149,96,0.742971315,0.742908608,1.714634542,13.32108884,13.31995278
37,51,109,121,1.498014971,1.498007801,2.212853189,32.58742468,32.58445064
44,82,92,185,2.421673773,2.421406256,2.8357028,66.35885184,66.35176769
17,87,63,121,0.812421116,0.812241533,2.23552575,12.32333624,12.32212001
11,59,98,45,0.199587976,0.199757024,1.321074579,2.535354978,2.535451602
36,54,103,181,2.207560833,2.207522209,2.606604346,52.29916124,52.29447967
48,58,103,74,1.122677189,1.122607706,2.04754902,23.49153683,23.48995492
13,86,115,50,0.207155415,0.207255234,1.305300349,2.693688324,2.693714858
38,88,131,38,0.379088483,0.379017148,1.495934176,5.806118732,5.80603093
22,55,121,155,1.146223416,1.14620157,2.241982733,19.86707413,19.86593482
15,94,131,48,0.20481955,0.204880799,1.38635059,2.73488438,2.734832317
25,91,99,151,1.169753183,1.169529835,2.321564907,21.00940556,21.00729279
45,91,91,39,0.512326664,0.512191624,1.696193884,8.209754853,8.209561257
41,68,70,81,1.213138588,1.213077213,2.12277276,24.23546931,24.23352813
31,55,134,161,1.496691942,1.496643164,2.444695831,31.62288461,31.62022333
29,85,79,135,1.336837977,1.336691564,2.283023226,25.3016547,25.29878392
19,74,127,41,0.240865597,0.240949216,1.294517101,3.280631644,3.280665558
38,67,111,175,2.005779699,2.005601256,2.712926909,49.66674121,49.66216739
37,74,105,105,1.193116006,1.192991345,2.055073624,24.7316264,24.72901644
49,79,50,50,0.90301025,0.902851946,2.079896495,15.95773121,15.95699075
32,60,122,95,0.941073789,0.941064184,1.996531109,17.80104645,17.7994257
10,87,80,72,0.276294352,0.276342441,1.464211485,3.536726106,3.536786366
12,62,76,86,0.460284936,0.460403122,1.697236062,6.104759559,6.104622199
18,71,80,195,1.364086464,1.363906716,2.654804113,22.20566379,22.20424965
28,67,148,123,0.94745427,0.947349287,2.044383221,17.66932032,17.66773996
28,59,120,50,0.449766346,0.449785262,1.515738548,6.945212183,6.94497269
25,75,74,30,0.287521566,0.287579676,1.385947315,3.899213299,3.899288361
47,95,55,172,2.67182674,2.671251178,3.021724155,72.2482271,72.24110455
44,87,112,123,1.465879726,1.465696036,2.285892319,35.88361034,35.87999163
35,77,96,109,1.216755108,1.216628122,2.124103046,24.40667699,24.40405075
28,83,74,143,1.415114067,1.414897285,2.494249444,27.06196536,27.05880495
10,93,144,57,0.15941061,0.159472434,1.213733391,2.023450143,2.023640314
42,92,106,178,2.034244924,2.033809316,2.803512875,53.36057096,53.35454688
26,93,62,83,0.781808669,0.781641472,1.951879393,12.95394609,12.95232788
37,72,111,71,0.794888495,0.794835295,1.762271413,14.73180548,14.73067697
32,69,116,81,0.792588386,0.792539374,1.860882458,14.35187954,14.35079817
43,74,95,167,2.202964537,2.202726632,2.637596474,58.03371064,58.02806829
29,72,74,177,1.908042883,1.907923273,2.753615739,38.8325949,38.82818864
12,94,129,71,0.247525222,0.247539119,1.38477738,3.270778071,3.270830581
34,61,146,116,1.087022816,1.086930775,2.184149412,22.61958646,22.6174976
15,85,55,187,1.190923372,1.190552673,2.730791612,18.09636296,18.09474272
21,74,56,55,0.511109195,0.511127449,1.596437216,7.305184127,7.304698646
16,63,137,55,0.277393319,0.277486732,1.37165199,3.792582271,3.792445191
27,63,55,171,2.035478094,2.03546763,2.822616339,39.53178693,39.52764758
23,83,78,104,0.862846031,0.862753721,1.917627891,13.96779751,13.96659801
29,79,78,152,1.537669248,1.53752273,2.500124292,31.03502821,31.03162187
14,99,148,177,0.645789412,0.645515223,2.308222733,9.494306863,9.493902907
49,89,115,171,2.154436532,2.15402393,2.942071305,64.07092649,64.06416033
47,99,149,82,0.871621856,0.871374734,2.034016444,19.01389977,19.01229918
45,53,78,43,0.719902294,0.719893526,1.870301968,11.951057,11.950703
31,81,74,138,1.49982146,1.499659896,2.47140768,30.28105407,30.27742749
45,85,101,169,2.150074107,2.149729682,2.769617268,58.96292652,58.95604574
37,72,91,114,1.392836834,1.392736835,2.192908532,29.34889126,29.3458645
16,85,134,57,0.263393549,0.263454056,1.330022464,3.6146353,3.614496839
21,85,73,80,0.629213667,0.629160241,1.700478167,9.412674123,9.411818188
13,90,77,158,0.760490242,0.760300227,2.264435039,10.82707939,10.82640841
17,69,78,116,0.797839714,0.797800239,2.068183416,11.81249645,11.81158643
22,95,73,165,1.26319619,1.262867294,2.632276996,21.75352263,21.75111205
42,61,101,105,1.422710444,1.422635634,2.175440889,31.8106262,31.80765243
37,60,53,129,2.048699057,2.048611382,2.584638431,44.17519556,44.17045444
34,96,88,127,1.308975271,1.308715528,2.335704391,26.86650952,26.86329845
47,99,128,74,0.848216495,0.848017081,1.874143023,17.52991989,17.52851038
41,80,114,185,2.108345975,2.107981092,2.753479825,56.49351244,56.48709747
45,67,65,110,1.803356338,1.803231668,2.544152148,42.3063083,42.30171314
44,52,117,159,2.134345581,2.134325835,2.615218421,57.59347883,57.58795937
43,68,139,71,0.81769075,0.817586241,1.874691224,16.17765236,16.17642981
37,67,135,196,1.987177162,1.986980264,2.697443613,50.29031645,50.28607431
40,52,51,143,2.552057509,2.552017104,2.813862923,59.43273055,59.42605696
30,52,121,44,0.434505817,0.434582178,1.496779462,6.644338551,6.644121294
44,76,133,82,0.951031497,0.950875988,1.993483883,20.02251422,20.02084982
14,71,131,157,0.687519838,0.687421351,2.159479977,10.00974698,10.00943342
42,96,129,106,1.10458787,1.104304418,2.05035709,24.67754296,24.6751033
10,94,80,95,0.350451373,0.350364867,1.592973214,4.538735342,4.538698601
22,82,123,123,0.801143501,0.801026758,1.931674466,13.27548792,13.27447946
22,75,144,143,0.876710043,0.87654097,2.100156368,14.88604199,14.88481871
12,63,137,112,0.430637962,0.430648238,1.743000585,5.866869639,5.866911152
24,50,104,106,0.946997204,0.947059018,1.955878914,15.94892792,15.94804675
24,68,80,149,1.372577636,1.372482131,2.290465849,24.1042686,24.10179914
22,54,82,59,0.547062952,0.547192767,1.624063911,8.067097795,8.066727719
28,50,66,191,2.388525444,2.388551144,2.917449379,48.69188763,48.68805522
32,52,135,127,1.229281866,1.229273272,2.245848421,25.10538685,25.10320561
22,50,74,168,1.650129231,1.650277454,2.567168549,28.98367958,28.98127785
24,86,148,155,0.961702875,0.961494377,2.25644702,17.51377228,17.51252228
19,91,72,84,0.586517651,0.586404648,1.783048517,8.618121843,8.617306594
12,52,80,191,1.044139635,1.04424475,2.656229387,15.19425283,15.19390118
25,79,140,140,0.955901668,0.955731712,2.073354545,17.27762904,17.27617887
21,77,71,100,0.82883376,0.828726324,1.95617177,12.87476744,12.87356465
33,71,64,80,1.030250858,1.030173735,2.074702927,18.5852949,18.58333096
27,87,100,93,0.783484365,0.783411631,1.869879698,13.29862892,13.29722341
40,62,72,182,2.687498533,2.687439075,2.93492943,68.46981818,68.46248679
23,93,82,120,0.928736255,0.928504212,2.122208153,15.31980323,15.31821508
35,69,144,34,0.3226721,0.322674781,1.502305197,4.758480557,4.758627708
43,75,52,158,2.566903756,2.566533251,2.938495502,64.37926855,64.37200848
17,91,110,180,0.938892202,0.938612724,2.326986506,14.60647359,14.60549991
26,82,120,61,0.467669028,0.467648117,1.463068931,7.326394122,7.325972917
48,54,143,118,1.528968776,1.528866687,2.298341734,39.22193214,39.21838448
36,65,112,186,2.049843458,2.049676987,2.575401401,49.66662844,49.66185799
17,73,87,40,0.258680033,0.258801181,1.357376159,3.449247986,3.449206385
19,65,147,159,0.875673426,0.875579604,2.128736591,14.22407655,14.22328506
28,85,103,121,1.042276561,1.04213903,2.045656949,19.31280285,19.31081052
28,58,115,144,1.323982118,1.323903341,2.26871712,25.35247365,25.35026884
32,90,111,152,1.384968436,1.384718975,2.231339994,28.8064229,28.80346768
18,84,58,54,0.405779142,0.405776866,1.62803133,5.611797898,5.611367588
49,64,81,123,2.008543374,2.00850974,2.582862225,52.1289682,52.123881
31,80,132,31,0.267100007,0.267121368,1.317952089,3.759737998,3.759852609
29,64,64,31,0.381467719,0.381545382,1.390342247,5.299330763,5.299357089
28,95,140,129,0.922152023,0.921955307,2.00775461,17.31727065,17.31566705
42,93,147,64,0.638490477,0.638379818,1.848507619,12.04694932,12.04598887
44,88,73,40,0.55789636,0.557795106,1.789041571,8.977865642,8.977436434
38,68,51,182,2.813531532,2.813355228,3.117011095,67.82640365,67.81896833
39,98,132,82,0.795995727,0.795822776,1.874707463,15.69836375,15.69693873
15,97,87,185,0.92710037,0.92673498,2.46786928,13.88252511,13.88172291
17,79,70,193,1.305932078,1.305721243,2.743185056,20.60986344,20.60807631
17,89,140,131,0.613130841,0.612995969,1.942753655,9.273796491,9.273198106
45,58,122,145,1.902889693,1.90275269,2.526756612,50.09018639,50.08542199
40,77,104,153,1.805916904,1.805668858,2.575186994,44.20235681,44.19737686
31,53,62,73,1.00645436,1.006522771,1.961784082,17.38891464,17.38739349
39,92,88,188,2.187108745,2.186888453,2.795880071,55.10570643,55.09876592
40,67,141,60,0.646663398,0.646610197,1.892127914,11.79906814,11.79832659
30,70,51,177,2.263598401,2.263337135,2.934129437,46.19071294,46.18584024
47,75,128,65,0.812502128,0.812355451,1.819859334,16.05647224,16.05540988
40,67,77,133,1.870471276,1.870430253,2.551237213,43.83462819,43.82998441
22,63,61,145,1.42748493,1.427477317,2.597204644,24.06263346,24.0601869
17,84,79,186,1.15964142,1.159461067,2.592510256,18.1967624,18.19535872
34,69,95,46,0.525991613,0.525987693,1.577070174,8.289357809,8.289108883
40,76,91,111,1.413577476,1.413417415,2.288149941,30.90090471,30.89775029
38,51,148,133,1.408802987,1.408772138,2.407292867,32.63132429,32.62824899
15,58,50,185,1.472685041,1.472673818,2.912263356,22.14910604,22.14797436
26,66,105,106,0.931329538,0.931277422,2.008637116,16.07224228,16.07071266
48,80,79,134,2.024259882,2.024046105,2.537435252,52.83270047,52.8271844
44,91,137,158,1.684711201,1.684333998,2.662004689,44.82258391,44.81765741
46,79,76,137,2.024009554,2.023791282,2.639644475,52.44946217,52.44359056
45,79,109,84,1.073183004,1.073064654,1.91403381,22.90660641,22.9048791
29,60,120,185,1.687814226,1.68767029,2.647616969,35.51611239,35.51310384
48,95,59,112,1.733302837,1.732905916,2.560066821,41.50024208,41.49599031
28,78,100,191,1.700510846,1.700375454,2.668401059,34.89920659,34.89569995
21,77,125,58,0.370044845,0.370099445,1.51894068,5.40037901,5.399978904
48,76,75,198,3.061927166,3.061690943,3.181066133,92.72960482,92.71956134
33,89,137,190,1.60213502,1.601772542,2.65114992,37.15701438,37.15335699
19,96,75,187,1.234416867,1.234031544,2.639063153,20.55955081,20.55782707
39,94,52,133,1.81231596,1.811927976,2.744596292,40.65154238,40.64625325
46,58,106,74,1.070327947,1.070265295,1.959833479,21.98306876,21.98167799
35,87,135,128,1.156828779,1.156620546,2.237955363,24.7873772,24.78455065
15,72,138,131,0.588984288,0.588955309,2.067729323,8.641573967,8.641406475
25,70,146,164,1.133246425,1.133092728,2.33470403,21.27133502,21.26959
35,89,85,32,0.357486488,0.357472919,1.609792028,5.164619832,5.164592492
45,68,50,174,3.084631207,3.08443539,3.068500126,81.78999764,81.78201851
47,71,85,35,0.531295305,0.53123405,1.796752649,8.316654557,8.316564253
18,99,55,61,0.427411993,0.427328961,1.65952592,5.938401912,5.937725069
28,79,53,176,1.97425108,1.973963148,2.889384578,38.96282206,38.95834637
30,73,116,122,1.11098829,1.110889602,2.083060738,21.30874511,21.30660287
25,68,147,45,0.31697723,0.317041767,1.523552546,4.675133741,4.674986751
37,62,66,199,2.822704961,2.822623278,3.15477407,70.30095817,70.2938653
25,92,148,37,0.237236349,0.237254297,1.274679449,3.341033265,3.341052171
41,85,66,33,0.465773767,0.465702815,1.525366169,6.924881556,6.924938321
23,74,89,172,1.400503724,1.400325452,2.515322771,24.99342936,24.99127998
49,85,63,100,1.616190319,1.615951099,2.277928699,38.19336073,38.18935952
40,53,55,63,1.108653868,1.10873204,2.090420789,20.10555805,20.10419009
41,72,145,79,0.842646054,0.842558344,1.942243874,16.95660426,16.95498878
21,97,85,67,0.464919913,0.46486359,1.551637626,6.851100838,6.85051081
46,88,91,134,1.782813863,1.782558178,2.456836879,45.89562874,45.89123738
24,78,112,147,1.100839462,1.100652352,2.194490534,19.40927759,19.40759334
11,59,86,47,0.224612313,0.22479442,1.329514586,2.852622447,2.852654941
45,67,134,142,1.709651686,1.70944009,2.440552666,44.91441252,44.91037208
40,67,89,90,1.208898904,1.20883676,2.013701402,24.85631878,24.85414247
25,57,107,144,1.250907237,1.25090157,2.350881156,23.24219728,23.24038916
48,83,65,104,1.657433485,1.657283241,2.395453258,38.94119824,38.93734813
20,61,149,67,0.393349524,0.393450727,1.526128075,5.832646165,5.832329143
16,86,117,118,0.580942866,0.580881084,1.853088398,8.570008102,8.569587266
29,93,146,70,0.507820152,0.507686337,1.714122264,8.596727848,8.595945332
27,51,59,123,1.566768872,1.566825634,2.386968869,28.36690398,28.36373493
44,83,108,105,1.293511755,1.293275811,2.150068717,29.67994082,29.67699241
40,69,83,185,2.470370989,2.47024781,2.876755482,65.22689659,65.22004226
18,58,116,57,0.361003504,0.36112644,1.400748258,5.071818427,5.071739125
10,52,97,36,0.153519293,0.153732939,1.250919873,1.916044507,1.916336036
18,65,84,189,1.332949849,1.332945532,2.641029155,21.91104307,21.90947392
22,64,53,156,1.60852347,1.608413431,2.700366054,27.24815971,27.24562769
37,51,65,195,3.027287298,3.02730407,3.15697326,74.10415059,74.09674641
43,74,61,30,0.468312185,0.468266269,1.732654906,6.911906458,6.911765105
43,62,110,52,0.688908519,0.688882702,1.706403064,12.11340166,12.11305939
32,97,122,70,0.595939189,0.595757744,1.688578898,10.36286022,10.36191176
34,91,145,126,1.058383186,1.058170058,2.168148932,22.22351376,22.22104809
22,95,69,166,1.296071764,1.295748812,2.571958916,22.33909075,22.33658079
49,81,50,130,2.287913945,2.287518477,2.741083811,58.56546713,58.55961411
25,80,109,65,0.508145194,0.508083249,1.62217731,7.968992061,7.968303079
28,71,128,87,0.717179062,0.71713168,1.882380975,12.47018717,12.46903742
41,52,109,84,1.126319385,1.12631668,2.040638656,23.07062011,23.06880562
22,63,73,147,1.318729485,1.318726132,2.462204314,23.12819322,23.12621193
44,76,110,121,1.525402085,1.525215536,2.324800085,36.79284569,36.78908501
14,83,128,195,0.817712115,0.817513609,2.279132131,12.14188628,12.14144876
43,80,57,30,0.471663771,0.47159105,1.707282964,6.930977237,6.930839883
23,71,64,159,1.506904456,1.506782374,2.627194914,26.74112208,26.7383604
21,89,103,146,0.963241867,0.963014688,2.160059417,15.87546233,15.87418934
19,86,140,183,0.951294688,0.951019503,2.291511026,15.83344558,15.83246902
28,59,100,131,1.281932154,1.281930918,2.356188222,24.56871688,24.56642873
23,94,66,86,0.719656076,0.71955101,1.944086079,11.32076095,11.31944872
18,55,128,169,1.006556345,1.006546623,2.315667362,16.09128325,16.09047118
24,62,87,188,1.704258297,1.704109892,2.627322203,31.61930669,31.61678392
18,55,138,34,0.196860757,0.197023516,1.276604789,2.612953699,2.613106631
13,79,92,134,0.633986936,0.633904981,1.920956012,8.847577218,8.847217406
38,98,125,170,1.632246791,1.631878638,2.449676356,39.7473394,39.74337376
46,83,78,147,2.126836922,2.12660674,2.570415401,55.49767616,55.49244048
16,68,83,171,1.078745283,1.078698509,2.438127523,16.6269475,16.62594566
18,54,68,152,1.266159534,1.266224748,2.451827581,20.1352387,20.1337853
15,67,85,147,0.878567239,0.878508853,2.207122198,12.89414046,12.89353491
25,52,75,82,0.878071012,0.878171703,1.858440861,14.35925551,14.35817341
17,62,65,167,1.296136636,1.296058326,2.581718459,20.23590509,20.23435686
21,82,56,127,1.100083483,1.09986903,2.402019758,18.03860886,18.03684071
48,72,82,87,1.346762885,1.346620834,2.273892029,30.23757409,30.23480476
19,82,146,199,1.027091955,1.026825369,2.570571682,17.0698448,17.06899501
46,94,128,173,1.942130475,1.941765138,2.622708209,55.21015183,55.20474233
18,77,61,38,0.293186542,0.293261295,1.439309963,3.895904271,3.89587538
49,73,140,92,1.141677466,1.141505681,2.01565208,26.8170036,26.81478197
47,67,79,122,1.915036275,1.914949289,2.540974328,48.50210597,48.49679575
12,96,105,47,0.181420614,0.181474253,1.272732926,2.322743029,2.322831032
25,97,126,124,0.837053471,0.836901784,2.060290568,14.67682318,14.67538492
31,88,119,77,0.671189659,0.671082404,1.870658547,11.77524392,11.77407786
38,71,117,101,1.126630789,1.126474393,2.100288515,23.6399449,23.637642
49,56,59,118,2.269530556,2.269452052,2.609798709,57.0070624,57.00184428
17,93,77,160,0.965329036,0.965076147,2.240596903,14.75097042,14.749728
44,85,58,63,0.971425791,0.971223165,2.030689979,18.09936756,18.09809476
12,82,51,161,0.877359397,0.877031711,2.605454488,12.39600423,12.39506599
46,83,136,188,2.142990197,2.142650879,2.801238711,62.4620999,62.45588621
48,54,84,41,0.695878799,0.695868493,1.855089405,11.48587309,11.48574763
45,94,148,52,0.548326795,0.548212199,1.67138881,9.732292107,9.731911031
18,80,136,146,0.75652165,0.756402196,2.031208745,11.81249411,11.81166764
15,76,121,136,0.649582613,0.64949369,1.983378015,9.418474193,9.418024419
46,75,134,192,2.267711432,2.267331343,2.830800566,67.50948318,67.50232678
45,95,124,83,0.943389301,0.9431627,2.057385705,19.98758041,19.98571319
11,73,82,141,0.628452722,0.62839234,2.131884921,8.46825261,8.468022982
26,65,111,134,1.138791562,1.138727605,2.25689913,20.82333532,20.82129344
39,58,68,111,1.70528084,1.705200942,2.417394706,36.56087776,36.5572725
20,98,102,190,1.152235524,1.151865876,2.499862754,19.35087425,19.34930077
16,77,148,106,0.476242725,0.476206718,1.62226581,6.888779011,6.888463226
18,77,97,178,1.104781568,1.104599172,2.473389127,17.92834287,17.92729751
15,56,96,74,0.447063275,0.447200399,1.541070818,6.15597654,6.155816674
16,86,105,144,0.748554674,0.74842972,2.003571476,11.12922425,11.12857971
30,83,121,99,0.84665102,0.846501364,1.907083649,15.50954977,15.50784042
16,54,106,128,0.777917393,0.777964135,2.045730873,11.46178385,11.4612997
28,72,83,180,1.789708385,1.789610901,2.685961561,36.52521924,36.52111796
23,85,138,72,0.453787288,0.453762511,1.601330868,7.075539558,7.075094458
23,62,111,188,1.45405415,1.453961559,2.548336295,26.75337653,26.75145412
14,86,134,152,0.613954981,0.613822704,2.017720011,8.908778815,8.908370982
36,75,84,49,0.60363441,0.60356496,1.620377155,9.756414702,9.755971395
48,70,59,102,1.780879218,1.780706926,2.566746985,41.77267134,41.76876718
10,58,54,41,0.224533729,0.224740789,1.410161266,2.798499669,2.798673155
30,97,85,140,1.303268055,1.303034318,2.404840904,25.56730257,25.56424211
24,60,140,96,0.68658748,0.686586567,1.912023461,11.50938955,11.50858083
17,60,126,103,0.579915337,0.579975473,1.674154545,8.606765322,8.606488767
36,57,143,62,0.632780952,0.632774087,1.730786233,11.24192254,11.24135378
48,51,95,48,0.78511071,0.78513405,1.956311534,13.7774097,13.77697086
17,80,134,94,0.469041638,0.469026223,1.623969493,6.795985078,6.795543606
40,87,93,179,2.113090647,2.11285687,2.790366871,54.56150773,54.55533303
37,71,120,42,0.452807383,0.452758038,1.63583643,7.157933327,7.157683152
26,70,147,56,0.4053226,0.405331439,1.523990102,6.266786379,6.266456834
15,76,125,51,0.241475725,0.24156009,1.277487494,3.239105399,3.239062061
36,81,119,134,1.34823648,1.348037507,2.317572127,29.62101647,29.61765437
33,95,126,171,1.473507697,1.473166011,2.598395911,32.38454618,32.38111847
27,57,69,111,1.280007035,1.28009552,2.262315008,22.83032298,22.82787539
44,66,135,99,1.182334576,1.182191896,2.149011974,26.71174605,26.70925443
26,54,147,40,0.308822437,0.308924368,1.313769951,4.478858923,4.47886302
30,89,53,43,0.496504479,0.496439897,1.595548796,7.413454469,7.412977717
24,69,138,143,0.994938727,0.99477037,2.249124202,17.78304834,17.78134235
10,92,118,156,0.483464388,0.483265155,1.932380207,6.521306874,6.521309633
35,56,73,186,2.563924752,2.563899152,2.852784904,59.74678723,59.74100563
14,75,61,199,1.225328329,1.225012572,2.877919025,18.29888879,18.29767641
47,67,144,89,1.075345309,1.075215009,2.05900164,24.44057699,24.43860257
38,97,136,123,1.137548312,1.137326874,2.320098218,25.59626604,25.59322043
39,56,74,68,1.023216124,1.023219983,1.966511843,18.9392892,18.93788128
19,93,114,66,0.375179149,0.375170811,1.485810974,5.380848867,5.380510736
36,94,119,40,0.387369004,0.387296204,1.509775667,5.940627837,5.940457689
44,73,106,101,1.31562474,1.315457542,2.172819492,29.5188353,29.51594331
12,69,136,55,0.207854276,0.207965626,1.235310798,2.713505459,2.713595507
19,91,112,87,0.501706981,0.501601124,1.775968369,7.483778942,7.483216119
31,95,125,96,0.793258117,0.793102323,1.946138992,14.6553227,14.65362493
46,57,88,194,2.994627769,2.994586587,2.925404732,87.98402049,87.97484411
49,53,74,75,1.358906014,1.358839694,2.148068298,28.79545221,28.79341634
36,81,109,166,1.73777771,1.737503888,2.52442189,40.20504111,40.20063968
33,53,86,76,0.957135108,0.957181096,1.953664008,17.18869545,17.18735972
27,69,63,107,1.186513082,1.186467946,2.221236949,20.81390483,20.81161678
41,79,127,116,1.275907883,1.275701493,2.213995413,29.13863791,29.13559186
14,96,84,66,0.321407057,0.32139861,1.603935201,4.316760415,4.316558987
34,69,148,73,0.663933021,0.663941767,1.665838294,12.03970676,12.03871859
17,62,137,111,0.590103583,0.590143602,1.824419758,8.796464783,8.79607424
37,55,137,139,1.485019038,1.484922422,2.311957434,34.05784828,34.05492357
22,75,119,41,0.281580977,0.28165462,1.459981745,3.951742118,3.951585844
47,72,112,52,0.703358703,0.703287347,1.830200578,12.63324514,12.63271551
33,51,134,58,0.582987228,0.582986421,1.684115709,9.870538178,9.870085015
49,60,146,45,0.57884029,0.5787985,1.860783756,10.01988255,10.0197772
46,82,50,103,1.735754281,1.735451772,2.386719279,39.24295363,39.23915986
44,54,129,82,1.055015966,1.054948278,1.963829885,22.28035764,22.27864765
37,67,81,64,0.848620947,0.848609859,1.900953153,15.02998903,15.02876484
20,93,100,51,0.323865848,0.323888019,1.470331733,4.563060643,4.56292015
28,57,80,44,0.497103808,0.497181306,1.505444567,7.381888661,7.381593646
41,54,79,128,1.947345435,1.947337364,2.372231028,45.5584214,45.55371487
28,94,110,59,0.473722432,0.473621484,1.578614325,7.555987362,7.555463183
41,66,83,102,1.426086378,1.425999133,2.318098003,31.1941453,31.19084529
33,82,123,40,0.372065073,0.372011038,1.352860525,5.63229377,5.632175705
33,94,65,113,1.265216557,1.264945039,2.329140341,25.06143901,25.05821113
44,73,133,147,1.692732646,1.692486621,2.469791868,44.53529992,44.53086296
15,95,55,63,0.382980146,0.382892346,1.674906829,5.163769826,5.163200141
29,86,111,44,0.377756696,0.377732311,1.425620447,5.685639041,5.685434244
16,96,117,196,0.921957287,0.92162535,2.540766544,14.28921389,14.2883127
31,96,126,93,0.760104145,0.759945084,1.891976988,14.00761567,14.00610577
45,65,78,171,2.627129623,2.626996769,2.851162024,71.44078485,71.43351849
42,72,144,94,1.019081467,1.018955933,2.093142644,22.21153813,22.20929897
21,98,120,135,0.796875996,0.796670684,2.031933338,13.29228906,13.29140577
22,78,72,94,0.788672769,0.788632777,1.986441281,12.4956506,12.49435014
27,70,78,46,0.473053299,0.473037076,1.362416326,7.020373975,7.020147574
32,55,83,59,0.728045674,0.728094651,1.752735482,12.15513175,12.15445305
21,51,122,65,0.473730884,0.473875278,1.547957069,7.060103089,7.05980243
11,69,104,196,0.785814213,0.785692394,2.40905818,10.83730933,10.83711488
45,97,104,62,0.758126512,0.757976447,1.793265886,14.27075792,14.26978817
18,57,93,191,1.349551798,1.349492667,2.536334647,21.95135744,21.95033166
24,55,53,31,0.373615069,0.373776362,1.528250147,5.070428842,5.070403701
42,66,141,118,1.321140977,1.321005521,2.189435854,31.07819857,31.07540275
42,51,132,189,2.306975701,2.306849848,2.912458938,63.15154325,63.14608729
42,83,88,175,2.231598982,2.231340426,2.825338628,58.71453293,58.7079223
15,62,75,195,1.260540875,1.260507192,2.686083211,19.14045387,19.13945779
23,82,58,67,0.626712832,0.626651022,1.866785405,9.487731991,9.486588467
34,94,133,184,1.584967345,1.584616417,2.611777723,36.23435165,36.23064357
41,88,59,174,2.438419933,2.437976637,2.994574864,61.06905092,61.06172239
24,85,109,56,0.414185967,0.414171337,1.545056862,6.216138881,6.215691695
18,99,55,89,0.617331464,0.617135528,1.984744083,9.000276079,8.999153454
40,80,119,184,2.01172712,2.011376414,2.785491732,52.34112249,52.33596831
33,51,57,105,1.577822708,1.57788864,2.3888348,30.63341383,30.63029513
46,79,129,115,1.37718477,1.376925194,2.36476241,33.82611854,33.82266014
11,59,149,188,0.639054622,0.638960407,2.292142821,8.934909396,8.934976745
21,52,74,85,0.806509419,0.806591205,1.749769391,12.35561804,12.35479839
15,98,73,48,0.261395302,0.261410532,1.415731059,3.444594286,3.444375885
29,92,142,52,0.386298408,0.386233706,1.438799827,6.050256957,6.049917267
24,99,141,55,0.339975381,0.339937369,1.502579482,5.080093597,5.079632009
31,64,74,121,1.453470334,1.453455028,2.244432026,27.91755982,27.91461725
34,74,138,184,1.665397557,1.66514291,2.61751124,38.92612335,38.92258713
17,52,117,148,0.897463413,0.89751215,2.162632904,13.90862431,13.90808266
18,60,137,108,0.608365019,0.608386255,1.887648169,9.200396188,9.199929364
36,81,59,174,2.289680627,2.289362799,2.927091554,53.42840766,53.42221642
30,87,101,117,1.066734759,1.066544582,2.122391282,20.16984014,20.16792702
39,91,135,94,0.92238935,0.922199606,1.991437158,19.09812104,19.09622007
27,75,94,59,0.538938952,0.53889752,1.534265956,8.476857923,8.476317182
45,56,115,106,1.447395248,1.447322494,2.243376952,34.10466865,34.10162277
12,95,96,85,0.341146089,0.341129311,1.679552497,4.554684543,4.554528839
31,81,117,129,1.164255935,1.164076642,2.178101831,22.88163438,22.8793425
19,94,105,134,0.7792466,0.779060583,2.002393067,12.29692831,12.2960619
31,64,85,108,1.22281413,1.22279433,2.177811579,23.12115813,23.1186401
37,73,141,191,1.853986303,1.853725152,2.595298876,46.36583015,46.3617961
25,88,86,92,0.76708486,0.766986365,1.867140495,12.72821804,12.72699453
38,78,149,72,0.691390993,0.691275684,1.849993674,13.07677159,13.07573406
13,96,76,83,0.393543368,0.393493958,1.720054244,5.310849384,5.310558993
38,92,95,81,0.912292485,0.912162314,1.877865652,17.43512978,17.43348453
33,61,76,94,1.197820713,1.197776288,2.124149734,22.64808323,22.64590747
36,96,119,158,1.494585006,1.494259633,2.436977018,34.06273732,34.05927593
45,56,97,192,2.798014442,2.797890888,3.071908604,81.23247906,81.22495602
38,80,149,113,1.072020876,1.071839271,2.047509313,23.44071451,23.43848584
41,58,66,196,3.105579174,3.105507217,3.214371829,82.29510834,82.28664343
13,97,95,125,0.535323056,0.535180476,1.921968045,7.536806201,7.536667151
33,77,112,132,1.298928291,1.29876899,2.242336939,26.65017477,26.64728266
33,64,84,93,1.111447883,1.111439723,2.068641838,21.15796075,21.15576375
15,76,135,48,0.217893185,0.217973662,1.239397629,2.895466799,2.895531123
47,69,109,142,1.932534194,1.932333478,2.61258594,52.02684789,52.02117843
21,66,95,60,0.465546911,0.465595752,1.474347857,6.798321263,6.79798328
20,94,105,152,0.922259946,0.922031403,2.40129242,15.18250967,15.18089668
32,70,130,126,1.146865249,1.146727123,2.213655157,23.51091838,23.50861221
15,65,125,64,0.317626367,0.317721771,1.434902938,4.343341331,4.343306644
18,71,115,47,0.280208964,0.280292442,1.364926662,3.850628541,3.850655409
17,78,139,150,0.736264987,0.736148734,2.087116249,11.27358742,11.27286077
13,59,94,126,0.658743958,0.658780999,1.987828045,9.155846093,9.155550387
19,79,66,127,0.960656669,0.960517308,2.262179667,15.61843044,15.61680435
33,81,106,70,0.703286167,0.703191581,1.8104509,12.27249927,12.27148932
29,81,68,45,0.488740577,0.488697035,1.542435203,7.296262145,7.29597119
34,62,128,39,0.397996274,0.398058195,1.411841849,6.029939421,6.029894155
40,78,139,184,1.882302424,1.88201083,2.668728452,49.4015647,49.39658924
43,97,137,187,1.908651103,1.908295505,2.690858778,52.57251212,52.5671908
38,60,146,62,0.646378127,0.646351447,1.738647115,11.6941983,11.69344877
37,51,98,124,1.614210049,1.614218222,2.300058289,35.39992265,35.39635124
35,84,104,84,0.876119436,0.875974619,2.008833273,16.48820646,16.48655673
39,81,56,171,2.454929172,2.454619201,2.946171366,58.88748315,58.88060635
10,74,100,104,0.383222579,0.383259191,1.70396411,4.980473676,4.980447336
36,50,123,183,2.060711621,2.06060742,2.65452404,49.92558678,49.92182022
30,76,137,115,0.94955252,0.949396527,2.029004249,18.03642018,18.03468866
49,68,135,53,0.687723091,0.687595583,1.789864916,12.68518507,12.68457428
12,68,149,100,0.358190213,0.358208076,1.597421162,4.805705661,4.805685743
23,90,52,105,0.965848766,0.965619111,2.079513515,15.54038777,15.53849123
16,64,75,145,0.985162154,0.985137445,2.372353237,14.80238551,14.80115982
25,96,107,139,1.017111406,1.016896862,2.104692176,18.1938993,18.19225873
41,58,118,37,0.467400961,0.467412529,1.565087785,7.210576795,7.210677252
37,51,56,52,0.86183151,0.861898023,1.884197209,14.45803716,14.45719396
25,63,65,35,0.37799946,0.378085621,1.487818021,5.272285325,5.272233563
32,77,87,35,0.382467462,0.382504611,1.4071824,5.534778341,5.5348199
37,92,128,150,1.426778458,1.42648753,2.552218594,33.01672308,33.01288897
32,89,144,186,1.482881003,1.482585096,2.700274183,33.24543818,33.24203379
17,99,78,134,0.779834615,0.779645698,2.168452341,11.80062012,11.79955088
20,60,140,176,1.065507868,1.065375517,2.466743527,18.09115814,18.09007526
47,86,146,113,1.261526462,1.261254631,2.175400468,31.38509238,31.38201216
34,83,133,145,1.305917568,1.305675039,2.327283975,28.56503465,28.56224222
47,80,116,75,0.963657169,0.96349126,1.981786207,20.09830795,20.09684822
36,74,113,108,1.163043649,1.162853296,2.17012427,23.79591807,23.79345886
37,65,126,196,2.081741108,2.081549759,2.644267874,52.87652024,52.87191379
19,86,104,136,0.827420016,0.827250582,2.05463165,13.14019972,13.13924645
44,54,85,103,1.61037752,1.610350298,2.282545571,36.66229979,36.65903575
29,69,68,106,1.206793297,1.206746475,2.233730905,22.174056,22.17146391
12,72,81,138,0.668585281,0.668549134,2.198021876,9.220755967,9.22036038
14,84,131,61,0.254737941,0.254782577,1.382517059,3.397900899,3.397866948
37,98,103,78,0.811010094,0.810871061,1.815279567,15.19153092,15.19007826
32,52,136,134,1.290268235,1.290235763,2.250325114,26.64992801,26.64756534
22,76,145,121,0.737786458,0.737679938,1.8839436,12.25996551,12.25895777
48,95,66,51,0.771899749,0.771723355,2.035616128,13.79786439,13.79701746
29,72,63,175,2.014045185,2.013839943,2.860612108,40.19132388,40.18674124
39,64,109,126,1.518911595,1.518821522,2.390079736,34.83232131,34.82838298
19,73,135,52,0.29546169,0.295527759,1.440859499,4.175662469,4.175435953
38,92,76,55,0.668276015,0.668143292,1.727961961,11.41992677,11.41920249
39,82,136,101,1.018810581,1.018679108,2.091643353,21.67631633,21.67408883
12,89,92,49,0.206309791,0.206393972,1.372634507,2.652272949,2.652352316
32,51,112,100,1.079538875,1.079563934,2.066403903,20.7130132,20.71102771
23,69,56,110,1.118336454,1.118287967,2.312691223,18.53953695,18.53748943
13,54,148,160,0.654191405,0.65417107,2.248980822,9.377958047,9.377865367
41,67,79,82,1.182571996,1.182511742,2.016528141,23.6311828,23.62925039
17,91,134,187,0.87960856,0.879324674,2.525336042,14.03603949,14.03518843
36,66,147,77,0.747337601,0.74727413,1.868892374,14.08405934,14.08286575
45,81,82,172,2.408018066,2.407726917,2.771488315,65.94035356,65.93302472
14,72,137,82,0.350224595,0.350254656,1.569177848,4.807236678,4.807076233
49,76,106,143,1.979449286,1.979132223,2.533125812,54.96368745,54.958382
16,83,138,30,0.139022148,0.13914841,1.200588935,1.783892453,1.784086
15,52,146,71,0.338269048,0.338374414,1.5743209,4.707862147,4.707822399
12,88,142,52,0.177324556,0.177422952,1.204304031,2.285843669,2.285862494
27,55,115,61,0.557209421,0.55726586,1.590427154,8.903558091,8.902997399
30,88,55,160,1.803126969,1.802748955,2.719328721,35.86415498,35.8598169
44,67,96,140,1.935400876,1.935238002,2.560122159,49.08016968,49.07487109
24,88,65,122,1.084521349,1.084275259,2.313271323,18.72483389,18.72282989
42,76,147,151,1.584407246,1.584075085,2.490817614,40.35732577,40.35311515
18,74,79,132,0.918568964,0.918485202,2.204559246,14.15184957,14.15056371
39,84,107,159,1.764113904,1.763841596,2.556571037,43.25893668,43.25407959
13,78,84,81,0.406411412,0.406445181,1.61384513,5.45649965,5.456292655
38,55,59,174,2.78439674,2.784396751,3.03180964,66.93969802,66.9329746
26,92,74,124,1.104883709,1.10466526,2.251592396,19.44508389,19.44291367
32,91,76,159,1.670702234,1.670455291,2.620280371,35.38455682,35.3804889
32,50,57,48,0.717904619,0.718002863,1.719809749,11.27683702,11.27623852
35,84,94,65,0.712311726,0.712252796,1.835267141,12.38791651,12.38696654
33,91,88,192,1.954102778,1.953807112,2.717722917,44.49170736,44.48695932
40,64,131,49,0.553943474,0.553895848,1.665099481,9.369763864,9.369473389
30,80,128,193,1.614882505,1.614677144,2.491721957,34.32208341,34.31889249
21,73,128,48,0.308269459,0.308317693,1.482539653,4.378366502,4.378138708
38,66,87,180,2.319561491,2.319510673,2.79363883,57.06319382,57.05715375
25,69,54,139,1.537906926,1.537756534,2.539455638,26.81339583,26.81054838
10,74,128,48,0.155396629,0.155536519,1.228747482,1.9491076,1.949323954
24,70,132,199,1.399558264,1.399349144,2.581822054,26.94296934,26.94043018
18,77,62,137,1.039688663,1.039509752,2.34733209,15.90056814,15.89894071
45,57,138,30,0.378237267,0.378151586,1.530590379,5.577405831,5.577571817
29,67,65,95,1.126780771,1.126791805,2.105809198,19.82535235,19.82314782
19,87,72,101,0.720385249,0.720267745,1.897918411,10.79837825,10.79725504
20,89,83,69,0.484065679,0.484007166,1.596398779,7.066640261,7.065992714
30,73,125,195,1.690503938,1.690254638,2.652859343,36.10009144,36.09697385
22,61,99,106,0.854527958,0.854515191,1.969314133,13.73204703,13.73092043
48,80,131,164,1.996034722,1.995709779,2.623641884,57.62857037,57.62283682
22,96,81,52,0.385401727,0.385377899,1.622453758,5.570581409,5.57015862
46,61,149,145,1.714258407,1.714098643,2.312651728,46.14492918,46.14089139
20,52,135,71,0.459327206,0.459411969,1.579327685,6.852387667,6.852144181
28,55,118,59,0.542808354,0.542815025,1.698173231,8.766974543,8.766473488
27,78,105,197,1.665553528,1.665332437,2.513351133,33.09571543,33.09246313
14,79,130,109,0.464612167,0.464567727,1.83677214,6.517977529,6.517708611
33,88,99,85,0.847911844,0.847782105,1.845718267,15.55065075,15.54916677
31,67,68,45,0.556896915,0.556918545,1.479715935,8.485599455,8.485288074
16,54,89,189,1.250284222,1.250300081,2.573961058,19.46169808,19.46081779
17,78,145,196,0.92689026,0.926653522,2.37350829,15.1861374,15.18580731
33,76,88,116,1.286387607,1.286214242,2.285210509,25.332908,25.33000776
48,88,147,115,1.293739335,1.29341722,2.301581136,32.91676261,32.91342512
47,54,110,65,0.957447366,0.957460866,1.925355376,18.91764982,18.91658172
32,58,54,153,2.195592012,2.195572476,2.759651557,45.10910124,45.10440103
19,81,81,86,0.60239817,0.602319797,1.780572816,8.957327875,8.95650617
21,86,88,39,0.283229096,0.283310929,1.437496138,3.88059875,3.880471795
34,95,86,179,1.842766088,1.842477287,2.690107487,41.90164436,41.89655996
37,97,77,47,0.546984775,0.546876579,1.640548115,8.790062953,8.789636167
43,94,67,44,0.612195722,0.612064934,1.822195415,10.03066945,10.03027572
19,71,104,77,0.507295539,0.507338462,1.548986335,7.42411845,7.423676466
41,56,143,31,0.356250756,0.356222964,1.474105623,5.231762579,5.23191393
17,66,124,67,0.372532539,0.372597837,1.545319751,5.27842772,5.278228234
17,83,99,170,0.965328223,0.965166979,2.427533212,15.20631056,15.20498824
20,78,92,193,1.346668742,1.346402146,2.546678281,22.6080493,22.60632437
40,70,118,197,2.262912562,2.262620872,2.953478246,59.81790393,59.81183462
49,57,59,87,1.664473872,1.664485152,2.257660438,37.1546443,37.15167665
34,97,71,115,1.272526036,1.272297866,2.247150829,25.3504595,25.34701912
35,74,125,154,1.518449082,1.518266156,2.451950564,33.8321068,33.8288908
31,70,79,70,0.794534457,0.794474141,1.841968756,13.54814917,13.54698057
22,86,65,135,1.129829074,1.129618529,2.331991057,19.09508195,19.09304848
19,80,69,79,0.593892435,0.593852766,1.812870412,8.709853392,8.709080306
29,67,66,146,1.704447715,1.704325064,2.511431855,32.97398822,32.97023366
33,98,88,67,0.664561887,0.664421391,1.828006235,11.52303469,11.52207068
49,99,129,197,2.270924946,2.270447638,3.10696417,70.80725723,70.79981484
26,80,103,198,1.62174549,1.621479162,2.711454731,31.703478,31.70035891
29,60,57,30,0.392652829,0.392709816,1.538781239,5.44556776,5.445540834
18,87,105,157,0.89557071,0.89536017,2.302124641,14.06480562,14.06329952
46,93,138,120,1.326868032,1.326583811,2.183261394,32.81728186,32.81396048
16,77,99,182,1.007736589,1.007597319,2.500703521,15.45018395,15.449317
26,89,65,193,1.817131931,1.816732688,2.862434471,34.66839043,34.66449202
27,73,120,68,0.55803554,0.557996361,1.54893052,9.094861758,9.094206714
32,83,113,186,1.72127188,1.720976366,2.637681051,37.78850772,37.78443566
36,85,145,58,0.52471471,0.524625618,1.703875512,9.106888449,9.106001401
31,66,76,35,0.413294139,0.413358019,1.530275766,5.968270924,5.968218236
29,92,81,97,0.922523923,0.922369589,2.038620109,16.30186617,16.29981353
43,73,84,82,1.157437475,1.157332946,2.119552217,23.77269617,23.7704972
16,89,76,77,0.458921702,0.458909669,1.659260226,6.357321175,6.356816728
49,76,118,151,1.981010443,1.980671295,2.710884238,56.68028422,56.67423543
24,68,94,64,0.552474577,0.552516129,1.564097027,8.437165764,8.436536738
21,77,96,63,0.457689718,0.457702944,1.408083849,6.725749452,6.725354308
35,99,114,104,0.980956778,0.980687715,2.003392299,19.55663359,19.55447432
27,81,136,40,0.298642077,0.298610523,1.464802433,4.348836184,4.348811266
12,60,62,35,0.209813905,0.21000432,1.34513904,2.649391648,2.649558888
41,91,81,142,1.775990833,1.775753203,2.512834623,43.03282757,43.02771417
45,79,77,46,0.681940244,0.681852279,1.862613377,11.46673103,11.46636863
37,69,119,157,1.701005852,1.700831407,2.444588771,39.95683869,39.95303336
45,93,114,145,1.699284988,1.698959447,2.57879053,44.62033351,44.61552684
33,80,72,57,0.664991007,0.664942781,1.760813067,11.02867684,11.02781729
42,90,72,55,0.748816053,0.748730405,1.91588831,13.17579576,13.17486755
26,80,74,148,1.395534559,1.395375028,2.434527817,25.7504129,25.74723008
48,99,130,186,2.10364795,2.103237795,2.856093026,63.32913749,63.32219308
46,85,114,174,2.127682439,2.127303653,2.777910266,60.36268476,60.35635374
41,56,129,180,2.120082503,2.119951208,2.853420362,57.02853373,57.02334712
12,52,119,177,0.775738289,0.775755277,2.504705098,11.09284836,11.09273469
28,81,145,99,0.728259042,0.728143835,1.914035092,13.07754401,13.07623222
33,85,68,157,1.815907794,1.815661427,2.649123145,38.96817724,38.96361076
28,94,102,68,0.569882982,0.569756552,1.64813183,9.27129651,9.270371045
14,63,122,136,0.64487464,0.644834898,2.051109008,9.287043634,9.286943987
26,81,91,180,1.546433359,1.546292683,2.651817712,30.27916681,30.27600674
15,76,73,183,1.104057079,1.103897185,2.541066411,16.74159689,16.74031317
17,83,54,38,0.280883098,0.280908053,1.441172454,3.704388748,3.704169067
21,87,111,58,0.376075812,0.376069651,1.548044986,5.455912497,5.455543939
24,72,134,67,0.470662086,0.470671754,1.603447396,7.347860343,7.34731912
45,57,50,118,2.219987488,2.219972614,2.630839566,52.81645543,52.81129054
17,67,52,48,0.399225492,0.399314298,1.570636931,5.399048927,5.398838311
14,77,121,165,0.733574474,0.733445345,2.155373902,10.67411597,10.67363735
46,52,137,173,2.213549788,2.213474075,2.819422076,63.57386522,63.56834326
11,70,116,76,0.289094809,0.289175362,1.473775881,3.750364279,3.75035604
18,88,92,52,0.317342328,0.317348506,1.443155642,4.407197399,4.407051463
25,95,90,167,1.322795813,1.322500369,2.489808942,23.75263932,23.74982002
23,68,71,131,1.213132048,1.21309818,2.324560731,20.79349586,20.79124604
49,65,80,121,1.986808928,1.986707832,2.508179823,51.00866269,51.0038277
